hex_id,area_fm,lat_centroide,lon_centroide,y_lag1,prob_crime,decil_risco,top_driver_1,contrib_top1,top_driver_2,contrib_top2,top_driver_3,contrib_top3,y_lag1,y_lag2,y_lag4,y_lag12,n_crimes_12w,W_y_lag1,n_fat_ilum,n_fat_vegetac,n_fat_lixo,n_fat_calcada,n_fat_transito,n_fat_mobil,n_fat_sitrua,n_fat_total,n_cameras,n_cameras_ring1,week_sin,week_cos,is_holiday_week,n_dd_lag1,orcrim_CV,orcrim_Milícia,orcrim_Sem domínio,orcrim_TCP,fe_area_Campo Grande: Estação de Trem - Calçadão,fe_area_Estações São Francisco Xavier - Afonso Pena,fe_area_Jardim de Alah,fe_area_Metrô Botafogo - Rua São Clemente - Rua Voluntários da Pátria,fe_area_Praia de Botafogo - Rua Marquês de Abrantes,fe_area_Presidente Vargas - Campo de Santana - Central do Brasil - Cinelândia,fe_area_Rodoviária - Terminal Gentileza - Estação Leopoldina,fe_area_Rua Lauro Müller – Avenida General Severiano – Avenida Venceslau Brás
89a8a029027ffff,Campo Grande: Estação de Trem - Calçadão,-22.89609655669363,-43.54911581858849,0,0.09810846032541584,1,fe_area_Campo Grande: Estação de Trem - Calçadão,0.8312,orcrim_Sem domínio,0.0912,n_cameras_ring1,0.0334,0,0,0,0,0.0,0.0,0.0,0.0,0.0,0.0,0.0,0.0,0.0,0.0,6.0,6.0,0.12053668025532305,0.992708874098054,0,0.0,False,False,True,False,True,False,False,False,False,False,False,False
89a8a029037ffff,Campo Grande: Estação de Trem - Calçadão,-22.899197280029053,-43.549191517546696,0,0.10607412861414947,1,fe_area_Campo Grande: Estação de Trem - Calçadão,0.7889,orcrim_Sem domínio,0.0866,n_cameras_ring1,0.0844,0,0,0,0,0.0,0.0,0.0,0.0,0.0,0.0,0.0,0.0,0.0,0.0,5.0,16.0,0.12053668025532305,0.992708874098054,0,0.0,False,False,True,False,True,False,False,False,False,False,False,False
89a8a0290a7ffff,Campo Grande: Estação de Trem - Calçadão,-22.903767101965574,-43.55237603844144,0,0.17989235023444025,1,fe_area_Campo Grande: Estação de Trem - Calçadão,0.5754,orcrim_Milícia,0.3547,n_cameras_ring1,0.0462,0,0,0,0,0.0,0.0,0.0,0.0,0.0,0.0,0.0,0.0,0.0,0.0,1.0,12.0,0.12053668025532305,0.992708874098054,0,0.0,False,True,False,False,True,False,False,False,False,False,False,False
89a8a0290afffff,Campo Grande: Estação de Trem - Calçadão,-22.902297891690907,-43.54926721724019,0,0.10243608538981432,1,fe_area_Campo Grande: Estação de Trem - Calçadão,0.8119,orcrim_Sem domínio,0.0891,n_cameras_ring1,0.0597,0,0,0,0,0.0,0.0,0.0,0.0,0.0,0.0,0.0,0.0,0.0,0.0,4.0,11.0,0.12053668025532305,0.992708874098054,0,0.0,False,False,True,False,True,False,False,False,False,False,False,False
89a8a02918bffff,Campo Grande: Estação de Trem - Calçadão,-22.898872729206868,-43.56147525723382,0,0.10172376072191547,1,fe_area_Campo Grande: Estação de Trem - Calçadão,0.8257,orcrim_Sem domínio,0.0906,n_cameras_ring1,0.0497,0,0,0,0,0.0,0.0,0.0,0.0,0.0,0.0,0.0,0.0,0.0,0.0,1.0,9.0,0.12053668025532305,0.992708874098054,0,0.0,False,False,True,False,True,False,False,False,False,False,False,False
89a8a029193ffff,Campo Grande: Estação de Trem - Calçadão,-22.9034422986707,-43.56465982964739,0,0.1962156885393005,1,fe_area_Campo Grande: Estação de Trem - Calçadão,0.5485,orcrim_Milícia,0.3381,n_crimes_12w,0.0871,0,0,0,0,2.0,0.0,0.0,0.0,0.0,0.0,0.0,0.0,0.0,0.0,1.0,1.0,0.12053668025532305,0.992708874098054,0,0.0,False,True,False,False,True,False,False,False,False,False,False,False
89a8a02919bffff,Campo Grande: Estação de Trem - Calçadão,-22.9019733295107,-43.56155101612562,0,0.15330861084340272,1,fe_area_Campo Grande: Estação de Trem - Calçadão,0.5961,n_fat_total,0.1106,n_fat_calcada,0.073,0,0,0,0,0.0,0.0,1.0,1.0,0.0,5.0,2.0,1.0,0.0,10.0,1.0,10.0,0.12053668025532305,0.992708874098054,0,0.0,False,False,True,False,True,False,False,False,False,False,False,False
89a8a0291c3ffff,Campo Grande: Estação de Trem - Calçadão,-22.899035122316693,-43.55533340601049,0,0.13833396928239497,1,fe_area_Campo Grande: Estação de Trem - Calçadão,0.6693,y_lag2,0.0988,n_cameras_ring1,0.0761,0,1,0,0,1.0,0.0,0.0,0.0,0.0,0.0,0.0,0.0,0.0,0.0,2.0,17.0,0.12053668025532305,0.992708874098054,0,0.0,False,False,True,False,True,False,False,False,False,False,False,False
89a8a0291c7ffff,Campo Grande: Estação de Trem - Calçadão,-22.897403611731193,-43.558366464515395,0,0.09837466685833489,1,fe_area_Campo Grande: Estação de Trem - Calçadão,0.8329,orcrim_Sem domínio,0.0914,n_cameras_ring1,0.0334,0,0,0,0,0.0,0.0,0.0,0.0,0.0,0.0,0.0,0.0,0.0,0.0,5.0,6.0,0.12053668025532305,0.992708874098054,0,0.0,False,False,True,False,True,False,False,False,False,False,False,False
89a8a0291cbffff,Campo Grande: Estação de Trem - Calçadão,-22.89756588430358,-43.55222460945371,0,0.10883673146815662,1,fe_area_Campo Grande: Estação de Trem - Calçadão,0.7866,n_cameras_ring1,0.0947,orcrim_Sem domínio,0.0863,0,0,0,0,0.0,0.0,0.0,0.0,0.0,0.0,0.0,0.0,0.0,0.0,1.0,18.0,0.12053668025532305,0.992708874098054,0,0.0,False,False,True,False,True,False,False,False,False,False,False,False
89a8a0291cfffff,Campo Grande: Estação de Trem - Calçadão,-22.895934404647324,-43.55525767745236,0,0.09528481190698061,1,fe_area_Campo Grande: Estação de Trem - Calçadão,0.8706,orcrim_Sem domínio,0.0956,week_cos,0.0294,0,0,0,0,0.0,0.0,0.0,0.0,0.0,0.0,0.0,0.0,0.0,0.0,0.0,0.0,0.12053668025532305,0.992708874098054,0,0.0,False,False,True,False,True,False,False,False,False,False,False,False
89a8a0291d3ffff,Campo Grande: Estação de Trem - Calçadão,-22.902135728313098,-43.555409135304195,0,0.3918943181576386,5,fe_area_Campo Grande: Estação de Trem - Calçadão,0.3461,orcrim_Milícia,0.2134,n_fat_total,0.1091,0,0,1,0,3.0,0.0,2.0,2.0,0.0,5.0,3.0,2.0,3.0,17.0,3.0,16.0,0.12053668025532305,0.992708874098054,0,0.0,False,True,False,False,True,False,False,False,False,False,False,False
89a8a0291d7ffff,Campo Grande: Estação de Trem - Calçadão,-22.90050427072255,-43.55844220824056,0,0.26954646149013184,3,fe_area_Campo Grande: Estação de Trem - Calçadão,0.4138,n_crimes_12w,0.1314,n_fat_transito,0.1309,0,0,0,1,4.0,0.0,0.0,0.0,0.0,3.0,6.0,2.0,5.0,16.0,3.0,17.0,0.12053668025532305,0.992708874098054,0,0.0,False,False,True,False,True,False,False,False,False,False,False,False
89a8a0291dbffff,Campo Grande: Estação de Trem - Calçadão,-22.900666548974243,-43.55230032357986,0,0.1265072763106521,1,fe_area_Campo Grande: Estação de Trem - Calçadão,0.7011,n_crimes_12w,0.1113,orcrim_Sem domínio,0.077,0,0,0,0,2.0,0.0,0.0,0.0,0.0,0.0,0.0,0.0,0.0,0.0,5.0,16.0,0.12053668025532305,0.992708874098054,0,0.0,False,False,True,False,True,False,False,False,False,False,False,False
89a8a029563ffff,Campo Grande: Estação de Trem - Calçadão,-22.906705253656874,-43.55859369789802,0,0.1814507607237259,1,fe_area_Campo Grande: Estação de Trem - Calçadão,0.5726,orcrim_Milícia,0.353,W_y_lag1,0.0278,0,0,0,0,0.0,0.16666666666666666,0.0,0.0,0.0,0.0,0.0,0.0,0.0,0.0,1.0,6.0,0.12053668025532305,0.992708874098054,0,0.0,False,True,False,False,True,False,False,False,False,False,False,False
89a8a029567ffff,Campo Grande: Estação de Trem - Calçadão,-22.905073818130006,-43.56162677575326,0,0.2655967542712424,3,fe_area_Campo Grande: Estação de Trem - Calçadão,0.4353,orcrim_Milícia,0.2683,n_fat_total,0.0807,0,0,1,0,1.0,0.16666666666666666,3.0,4.0,0.0,2.0,1.0,0.0,0.0,10.0,0.0,0.0,0.12053668025532305,0.992708874098054,0,0.0,False,True,False,False,True,False,False,False,False,False,False,False
89a8a02956bffff,Campo Grande: Estação de Trem - Calçadão,-22.905236222624378,-43.55548486533348,0,0.30033279249746353,3,fe_area_Campo Grande: Estação de Trem - Calçadão,0.4236,orcrim_Milícia,0.2612,n_fat_total,0.0864,0,0,0,1,2.0,0.0,1.0,1.0,0.0,5.0,3.0,1.0,0.0,11.0,0.0,0.0,0.12053668025532305,0.992708874098054,0,0.0,False,True,False,False,True,False,False,False,False,False,False,False
89a8a02956fffff,Campo Grande: Estação de Trem - Calçadão,-22.90360481803516,-43.55851795270143,0,0.23625976894170422,2,fe_area_Campo Grande: Estação de Trem - Calçadão,0.4812,orcrim_Milícia,0.2967,n_crimes_12w,0.1146,0,0,0,1,3.0,0.0,1.0,1.0,0.0,1.0,0.0,0.0,0.0,3.0,5.0,8.0,0.12053668025532305,0.992708874098054,0,0.0,False,True,False,False,True,False,False,False,False,False,False,False
89a8a029577ffff,Campo Grande: Estação de Trem - Calçadão,-22.90817419505263,-43.56170253611676,1,0.2542869072510391,2,fe_area_Campo Grande: Estação de Trem - Calçadão,0.4786,orcrim_Milícia,0.295,n_crimes_12w,0.114,1,0,0,0,3.0,0.0,0.0,0.0,0.0,0.0,0.0,0.0,0.0,0.0,1.0,1.0,0.12053668025532305,0.992708874098054,0,0.0,False,True,False,False,True,False,False,False,False,False,False,False
89a8a06121bffff,Rodoviária - Terminal Gentileza - Estação Leopoldina,-22.90302711283406,-43.21429516375738,0,0.26192600389878484,3,fe_area_Rodoviária - Terminal Gentileza - Estação Leopoldina,0.3898,n_cameras_ring1,0.3138,orcrim_Sem domínio,0.1472,0,0,0,0,0.0,0.16666666666666666,0.0,0.0,0.0,0.0,0.0,0.0,0.0,0.0,10.0,35.0,0.12053668025532305,0.992708874098054,0,0.0,False,False,True,False,False,False,False,False,False,False,True,False
89a8a061243ffff,Rodoviária - Terminal Gentileza - Estação Leopoldina,-22.900075024739984,-43.2080774220894,1,0.49293821155710094,6,n_crimes_12w,0.2533,fe_area_Rodoviária - Terminal Gentileza - Estação Leopoldina,0.1855,n_cameras_ring1,0.128,1,1,1,0,5.0,0.0,0.0,0.0,0.0,0.0,0.0,0.0,1.0,1.0,7.0,30.0,0.12053668025532305,0.992708874098054,0,0.0,False,False,True,False,False,False,False,False,False,False,True,False
89a8a061247ffff,Rodoviária - Terminal Gentileza - Estação Leopoldina,-22.89844989669796,-43.211112222728765,0,0.32240039346214533,4,fe_area_Rodoviária - Terminal Gentileza - Estação Leopoldina,0.2923,n_fat_transito,0.1591,n_fat_total,0.1306,0,0,0,0,0.0,0.16666666666666666,0.0,1.0,0.0,3.0,3.0,0.0,0.0,7.0,8.0,17.0,0.12053668025532305,0.992708874098054,0,0.0,False,False,True,False,False,False,False,False,False,False,True,False
89a8a06124bffff,Rodoviária - Terminal Gentileza - Estação Leopoldina,-22.898598847291254,-43.204968562824874,0,0.23154710791965927,2,fe_area_Rodoviária - Terminal Gentileza - Estação Leopoldina,0.4996,orcrim_Sem domínio,0.1886,n_cameras_ring1,0.1494,0,0,0,0,0.0,0.16666666666666666,0.0,0.0,0.0,0.0,0.0,0.0,0.0,0.0,3.0,13.0,0.12053668025532305,0.992708874098054,0,0.0,False,False,True,False,False,False,False,False,False,False,True,False
89a8a06124fffff,Rodoviária - Terminal Gentileza - Estação Leopoldina,-22.89697375026909,-43.20800337096211,0,0.2576941313034769,2,fe_area_Rodoviária - Terminal Gentileza - Estação Leopoldina,0.4185,n_cameras_ring1,0.1733,orcrim_Sem domínio,0.158,0,0,0,0,1.0,0.16666666666666666,0.0,0.0,0.0,0.0,0.0,0.0,0.0,0.0,3.0,18.0,0.12053668025532305,0.992708874098054,0,0.0,False,False,True,False,False,False,False,False,False,False,True,False
89a8a061253ffff,Rodoviária - Terminal Gentileza - Estação Leopoldina,-22.903176187540165,-43.208151473937235,0,0.2744639734244278,3,fe_area_Rodoviária - Terminal Gentileza - Estação Leopoldina,0.3671,n_cameras_ring1,0.2956,orcrim_Sem domínio,0.1386,0,0,0,0,0.0,0.3333333333333333,0.0,0.0,0.0,0.0,0.0,0.0,0.0,0.0,9.0,35.0,0.12053668025532305,0.992708874098054,0,0.0,False,False,True,False,False,False,False,False,False,False,True,False
89a8a061257ffff,Rodoviária - Terminal Gentileza - Estação Leopoldina,-22.90155111325781,-43.211186289073,0,0.35536904425558397,4,fe_area_Rodoviária - Terminal Gentileza - Estação Leopoldina,0.2519,n_cameras_ring1,0.2434,n_fat_total,0.1125,0,0,0,0,0.0,0.3333333333333333,1.0,2.0,0.0,2.0,2.0,0.0,0.0,7.0,7.0,42.0,0.12053668025532305,0.992708874098054,0,0.0,False,False,True,False,False,False,False,False,False,False,True,False
89a8a06125bffff,Rodoviária - Terminal Gentileza - Estação Leopoldina,-22.90170006799873,-43.20504259945527,0,0.24966367548484703,2,fe_area_Rodoviária - Terminal Gentileza - Estação Leopoldina,0.4496,n_crimes_12w,0.2456,orcrim_Sem domínio,0.1698,0,0,0,0,2.0,0.16666666666666666,0.0,0.0,0.0,0.0,0.0,0.0,0.0,0.0,0.0,0.0,0.12053668025532305,0.992708874098054,0,0.0,False,False,True,False,False,False,False,False,False,False,True,False
89a8a0612c3ffff,Rodoviária - Terminal Gentileza - Estação Leopoldina,-22.907753211335606,-43.21133442392354,0,0.4109267420762565,5,n_cameras_ring1,0.281,fe_area_Rodoviária - Terminal Gentileza - Estação Leopoldina,0.2036,n_crimes_12w,0.1112,0,0,0,0,2.0,0.16666666666666666,1.0,2.0,0.0,2.0,2.0,0.0,0.0,7.0,25.0,60.0,0.12053668025532305,0.992708874098054,0,0.0,False,False,True,False,False,False,False,False,False,False,True,False
89a8a0612c7ffff,Rodoviária - Terminal Gentileza - Estação Leopoldina,-22.906128159790796,-43.21436924603901,0,0.26916041732768214,3,fe_area_Rodoviária - Terminal Gentileza - Estação Leopoldina,0.3531,n_cameras_ring1,0.3493,orcrim_Sem domínio,0.1333,0,0,0,0,0.0,0.16666666666666666,0.0,0.0,0.0,0.0,0.0,0.0,0.0,0.0,20.0,43.0,0.12053668025532305,0.992708874098054,0,0.0,False,False,True,False,False,False,False,False,False,False,True,False
89a8a0612cbffff,Rodoviária - Terminal Gentileza - Estação Leopoldina,-22.90627723865748,-43.20822552650564,0,0.3290497941247992,4,n_cameras_ring1,0.3848,fe_area_Rodoviária - Terminal Gentileza - Estação Leopoldina,0.2788,orcrim_Sem domínio,0.1053,0,0,0,0,0.0,0.3333333333333333,0.0,1.0,0.0,1.0,0.0,0.0,0.0,2.0,13.0,60.0,0.12053668025532305,0.992708874098054,0,0.0,False,False,True,False,False,False,False,False,False,False,True,False
89a8a0612cfffff,Rodoviária - Terminal Gentileza - Estação Leopoldina,-22.90465221814108,-43.21126035613791,1,0.6675989914721707,8,n_cameras_ring1,0.2566,n_crimes_12w,0.2539,fe_area_Rodoviária - Terminal Gentileza - Estação Leopoldina,0.1328,1,1,1,0,7.0,0.0,1.0,2.0,0.0,1.0,0.0,0.0,0.0,4.0,8.0,84.0,0.12053668025532305,0.992708874098054,0,0.0,False,False,True,False,False,False,False,False,False,False,True,False
89a8a0612d3ffff,Rodoviária - Terminal Gentileza - Estação Leopoldina,-22.91085409282925,-43.21140849242987,0,0.4725172547808809,6,n_cameras_ring1,0.3807,fe_area_Rodoviária - Terminal Gentileza - Estação Leopoldina,0.2018,n_crimes_12w,0.1102,0,1,1,0,2.0,0.0,0.0,0.0,0.0,0.0,0.0,0.0,0.0,0.0,1.0,82.0,0.12053668025532305,0.992708874098054,0,0.0,False,False,True,False,False,False,False,False,False,False,True,False
89a8a0612d7ffff,Rodoviária - Terminal Gentileza - Estação Leopoldina,-22.90922909505292,-43.21444332904149,0,0.4590937594680213,6,n_crimes_12w,0.5701,fe_area_Rodoviária - Terminal Gentileza - Estação Leopoldina,0.2087,y_lag4,0.1034,0,0,1,1,10.0,0.0,0.0,0.0,0.0,0.0,0.0,0.0,0.0,0.0,0.0,0.0,0.12053668025532305,0.992708874098054,0,0.0,False,False,True,False,False,False,False,False,False,False,True,False
89a8a0612dbffff,Rodoviária - Terminal Gentileza - Estação Leopoldina,-22.909378178079773,-43.20829957979462,0,0.5087370828961107,7,n_cameras_ring1,0.2976,n_crimes_12w,0.186,fe_area_Rodoviária - Terminal Gentileza - Estação Leopoldina,0.1703,0,0,1,0,4.0,0.3333333333333333,0.0,1.0,0.0,2.0,0.0,1.0,0.0,4.0,18.0,76.0,0.12053668025532305,0.992708874098054,0,0.0,False,False,True,False,False,False,False,False,False,False,True,False
89a8a061603ffff,Estações São Francisco Xavier - Afonso Pena,-22.92310728183162,-43.217848641927105,0,0.4450902147164334,6,n_crimes_12w,0.2728,fe_area_Estações São Francisco Xavier - Afonso Pena,0.1915,n_fat_total,0.1275,0,0,0,0,3.0,0.16666666666666666,1.0,1.0,2.0,1.0,0.0,1.0,0.0,6.0,3.0,11.0,0.12053668025532305,0.992708874098054,0,0.0,False,False,True,False,False,True,False,False,False,False,False,False
89a8a061607ffff,Estações São Francisco Xavier - Afonso Pena,-22.921482383308426,-43.22088350693661,0,0.6011031905110266,8,n_crimes_12w,0.3246,n_fat_total,0.1517,fe_area_Estações São Francisco Xavier - Afonso Pena,0.1139,0,0,0,0,6.0,0.3333333333333333,2.0,3.0,0.0,5.0,0.0,0.0,2.0,12.0,3.0,20.0,0.12053668025532305,0.992708874098054,0,0.0,False,False,True,False,False,True,False,False,False,False,False,False
89a8a06160bffff,Estações São Francisco Xavier - Afonso Pena,-22.921631718912497,-43.21473966825999,0,0.44456221209601915,6,n_crimes_12w,0.3096,fe_area_Estações São Francisco Xavier - Afonso Pena,0.2173,y_lag4,0.1872,0,0,1,1,3.0,0.0,0.0,0.0,0.0,0.0,0.0,0.0,0.0,0.0,1.0,8.0,0.12053668025532305,0.992708874098054,0,0.0,False,False,True,False,False,True,False,False,False,False,False,False
89a8a06160fffff,Estações São Francisco Xavier - Afonso Pena,-22.920006851434813,-43.21777454082412,0,0.6138787773952514,8,n_crimes_12w,0.4592,fe_area_Estações São Francisco Xavier - Afonso Pena,0.1209,y_lag2,0.1067,0,1,0,1,8.0,0.16666666666666666,1.0,2.0,0.0,3.0,0.0,0.0,0.0,6.0,0.0,0.0,0.12053668025532305,0.992708874098054,0,0.0,False,False,True,False,False,True,False,False,False,False,False,False
89a8a061617ffff,Estações São Francisco Xavier - Afonso Pena,-22.924582755730157,-43.220957623256275,1,0.6034030148116589,8,n_crimes_12w,0.2531,n_fat_total,0.1774,y_lag1,0.1192,1,0,0,0,5.0,0.0,4.0,5.0,0.0,4.0,1.0,1.0,0.0,15.0,7.0,14.0,0.12053668025532305,0.992708874098054,0,0.0,False,False,True,False,False,True,False,False,False,False,False,False
89a8a061623ffff,Estações São Francisco Xavier - Afonso Pena,-22.916756862016207,-43.22384421978512,0,0.9153431771214949,10,n_crimes_12w,0.6627,fe_area_Estações São Francisco Xavier - Afonso Pena,0.0558,y_lag2,0.0493,0,1,1,1,25.0,0.3333333333333333,1.0,3.0,0.0,2.0,0.0,1.0,0.0,7.0,3.0,5.0,0.12053668025532305,0.992708874098054,0,0.0,False,False,True,False,False,True,False,False,False,False,False,False
89a8a06162bffff,Estações São Francisco Xavier - Afonso Pena,-22.91528130321244,-43.22073527646072,1,0.5208165983017647,7,n_crimes_12w,0.2247,y_lag1,0.1763,fe_area_Estações São Francisco Xavier - Afonso Pena,0.1577,1,1,0,0,3.0,0.16666666666666666,1.0,1.0,0.0,0.0,0.0,0.0,0.0,2.0,1.0,9.0,0.12053668025532305,0.992708874098054,0,0.0,False,False,True,False,False,True,False,False,False,False,False,False
89a8a061633ffff,Estações São Francisco Xavier - Afonso Pena,-22.919857399962613,-43.22391834987854,1,0.6345389004974589,8,n_crimes_12w,0.3538,y_lag1,0.119,fe_area_Estações São Francisco Xavier - Afonso Pena,0.1064,1,1,0,1,7.0,0.0,1.0,2.0,0.0,1.0,0.0,0.0,3.0,7.0,4.0,15.0,0.12053668025532305,0.992708874098054,0,0.0,False,False,True,False,False,True,False,False,False,False,False,False
89a8a06163bffff,Estações São Francisco Xavier - Afonso Pena,-22.918381899131813,-43.220809391338086,0,0.5241974073315336,7,n_crimes_12w,0.2853,fe_area_Estações São Francisco Xavier - Afonso Pena,0.1502,y_lag2,0.1326,0,1,0,0,4.0,0.5,2.0,2.0,1.0,1.0,0.0,0.0,0.0,6.0,0.0,0.0,0.12053668025532305,0.992708874098054,0,0.0,False,False,True,False,False,True,False,False,False,False,False,False
89a8a061647ffff,Estações São Francisco Xavier - Afonso Pena,-22.920156066983445,-43.21163070227322,0,0.3937709419740318,5,fe_area_Estações São Francisco Xavier - Afonso Pena,0.2751,y_lag2,0.2429,orcrim_Sem domínio,0.1806,0,1,0,0,1.0,0.0,0.0,0.0,0.0,0.0,0.0,0.0,0.0,0.0,2.0,9.0,0.12053668025532305,0.992708874098054,0,0.0,False,False,True,False,False,True,False,False,False,False,False,False
89a8a061663ffff,Estações São Francisco Xavier - Afonso Pena,-22.915430630444774,-43.214591497209,0,0.3760503777074075,5,fe_area_Estações São Francisco Xavier - Afonso Pena,0.3105,n_crimes_12w,0.2949,orcrim_Sem domínio,0.2038,0,0,0,1,2.0,0.16666666666666666,0.0,0.0,0.0,0.0,0.0,0.0,0.0,0.0,0.0,0.0,0.12053668025532305,0.992708874098054,0,0.0,False,False,True,False,False,True,False,False,False,False,False,False
89a8a061667ffff,Estações São Francisco Xavier - Afonso Pena,-22.913805655406247,-43.217626340781194,0,0.44227485908738345,6,fe_area_Estações São Francisco Xavier - Afonso Pena,0.214,n_crimes_12w,0.2033,y_lag4,0.1844,0,0,1,0,2.0,0.3333333333333333,0.0,0.0,0.0,0.0,0.0,0.0,0.0,0.0,5.0,8.0,0.12053668025532305,0.992708874098054,0,0.0,False,False,True,False,False,True,False,False,False,False,False,False
89a8a06166bffff,Rodoviária - Terminal Gentileza - Estação Leopoldina,-22.913954862609867,-43.211482561656915,0,0.43819450956839234,6,n_crimes_12w,0.3469,fe_area_Rodoviária - Terminal Gentileza - Estação Leopoldina,0.2117,n_cameras_ring1,0.1997,0,0,1,1,6.0,0.0,0.0,0.0,0.0,0.0,0.0,0.0,0.0,0.0,10.0,41.0,0.12053668025532305,0.992708874098054,0,0.0,False,False,True,False,False,False,False,False,False,False,True,False
89a8a06166fffff,Estações São Francisco Xavier - Afonso Pena,-22.912329918608293,-43.21451741276481,0,0.3385782743527685,4,fe_area_Estações São Francisco Xavier - Afonso Pena,0.3825,orcrim_Sem domínio,0.2511,n_cameras_ring1,0.2448,0,0,0,0,0.0,0.0,0.0,0.0,0.0,0.0,0.0,0.0,0.0,0.0,6.0,16.0,0.12053668025532305,0.992708874098054,0,0.0,False,False,True,False,False,True,False,False,False,False,False,False
89a8a061673ffff,Estações São Francisco Xavier - Afonso Pena,-22.918531230550222,-43.21466558237405,0,0.36831188707855217,4,fe_area_Estações São Francisco Xavier - Afonso Pena,0.3175,orcrim_Sem domínio,0.2085,n_crimes_12w,0.1508,0,0,0,1,1.0,0.16666666666666666,0.0,0.0,0.0,0.0,0.0,0.0,0.0,0.0,3.0,9.0,0.12053668025532305,0.992708874098054,0,0.0,False,False,True,False,False,True,False,False,False,False,False,False
89a8a061677ffff,Estações São Francisco Xavier - Afonso Pena,-22.91690630928898,-43.21770044044215,1,0.7612761772584062,9,n_crimes_12w,0.413,n_fat_total,0.1228,y_lag1,0.0884,1,0,1,0,11.0,0.16666666666666666,3.0,4.0,1.0,4.0,0.0,1.0,1.0,14.0,1.0,9.0,0.12053668025532305,0.992708874098054,0,0.0,False,False,True,False,False,True,False,False,False,False,False,False
89a8a06167bffff,Estações São Francisco Xavier - Afonso Pena,-22.91705552066531,-43.211556631604694,0,0.4402509464032869,6,fe_area_Estações São Francisco Xavier - Afonso Pena,0.2158,n_crimes_12w,0.205,y_lag2,0.1906,0,1,0,0,2.0,0.0,0.0,0.0,0.0,0.0,0.0,0.0,0.0,0.0,5.0,21.0,0.12053668025532305,0.992708874098054,0,0.0,False,False,True,False,False,True,False,False,False,False,False,False
89a8a0616abffff,Estações São Francisco Xavier - Afonso Pena,-22.92295782616041,-43.22399248069325,0,0.48532883466379484,6,fe_area_Estações São Francisco Xavier - Afonso Pena,0.1722,n_crimes_12w,0.1635,y_lag2,0.152,0,1,0,0,2.0,0.3333333333333333,1.0,1.0,0.0,1.0,0.0,0.0,0.0,3.0,6.0,20.0,0.12053668025532305,0.992708874098054,0,0.0,False,False,True,False,False,True,False,False,False,False,False,False
89a8a0616afffff,Estações São Francisco Xavier - Afonso Pena,-22.921332811770736,-43.227027316045216,0,0.4151358841895794,5,n_crimes_12w,0.3486,fe_area_Estações São Francisco Xavier - Afonso Pena,0.2447,orcrim_Sem domínio,0.1607,0,0,0,0,3.0,0.16666666666666666,0.0,0.0,0.0,0.0,0.0,0.0,0.0,0.0,3.0,11.0,0.12053668025532305,0.992708874098054,0,0.0,False,False,True,False,False,True,False,False,False,False,False,False
89a8a0616bbffff,Estações São Francisco Xavier - Afonso Pena,-22.92605814059746,-43.224066612229244,0,0.3512574647042639,4,fe_area_Estações São Francisco Xavier - Afonso Pena,0.3613,orcrim_Sem domínio,0.2372,n_cameras_ring1,0.2024,0,0,0,0,0.0,0.16666666666666666,0.0,0.0,0.0,0.0,0.0,0.0,0.0,0.0,2.0,14.0,0.12053668025532305,0.992708874098054,0,0.0,False,False,True,False,False,True,False,False,False,False,False,False
89a8a066227ffff,Bangu: Calçadão - Bangu Shopping,-22.87663324216766,-43.46259899343697,0,0.43273519902046464,5,n_crimes_12w,0.2158,y_lag2,0.2006,orcrim_Sem domínio,0.1492,0,1,0,1,2.0,0.0,0.0,0.0,0.0,3.0,1.0,0.0,0.0,4.0,2.0,9.0,0.12053668025532305,0.992708874098054,0,0.0,False,False,True,False,False,False,False,False,False,False,False,False
89a8a066237ffff,Bangu: Calçadão - Bangu Shopping,-22.879734823409702,-43.46267427265571,0,0.3314311690514337,4,n_crimes_12w,0.4047,orcrim_Sem domínio,0.2797,n_cameras_ring1,0.2045,0,0,0,0,2.0,0.0,0.0,0.0,0.0,0.0,0.0,0.0,0.0,0.0,2.0,12.0,0.12053668025532305,0.992708874098054,0,0.0,False,False,True,False,False,False,False,False,False,False,False,False
89a8a066353ffff,Bangu: Calçadão - Bangu Shopping,-22.87500303093851,-43.465632430101095,0,0.48209225816446305,6,n_crimes_12w,0.3292,n_fat_total,0.2308,n_fat_calcada,0.2286,0,0,0,1,4.0,0.0,1.0,1.0,0.0,9.0,0.0,0.0,1.0,12.0,0.0,0.0,0.12053668025532305,0.992708874098054,0,0.0,False,False,True,False,False,False,False,False,False,False,False,False
89a8a0663c3ffff,Bangu: Calçadão - Bangu Shopping,-22.879575999126846,-43.46881646029974,0,0.3076778707544179,3,orcrim_Sem domínio,0.3286,n_cameras_ring1,0.2603,n_crimes_12w,0.2377,0,0,0,0,1.0,0.0,0.0,0.0,0.0,0.0,0.0,0.0,0.0,0.0,8.0,13.0,0.12053668025532305,0.992708874098054,0,0.0,False,False,True,False,False,False,False,False,False,False,False,False
89a8a0663c7ffff,Bangu: Calçadão - Bangu Shopping,-22.877945726040235,-43.471849878989346,0,0.3157921911788418,3,orcrim_Sem domínio,0.332,n_cameras_ring1,0.3034,n_crimes_12w,0.2401,0,0,0,0,1.0,0.0,0.0,0.0,0.0,0.0,0.0,0.0,0.0,0.0,1.0,15.0,0.12053668025532305,0.992708874098054,0,0.0,False,False,True,False,False,False,False,False,False,False,False,False
89a8a0663cbffff,Bangu: Calçadão - Bangu Shopping,-22.87810466533234,-43.465707723767906,0,0.5431698657632092,7,n_fat_calcada,0.1503,n_fat_total,0.1463,n_crimes_12w,0.1391,0,1,1,0,2.0,0.0,0.0,0.0,0.0,7.0,1.0,0.0,1.0,9.0,6.0,18.0,0.12053668025532305,0.992708874098054,0,0.0,False,False,True,False,False,False,False,False,False,False,False,False
89a8a0663cfffff,Bangu: Calçadão - Bangu Shopping,-22.87647442317494,-43.46874115145372,0,0.3381902757796747,4,n_cameras_ring1,0.3016,orcrim_Sem domínio,0.2605,n_crimes_12w,0.1884,0,0,0,0,1.0,0.0,0.0,0.0,0.0,0.0,0.0,0.0,0.0,0.0,3.0,19.0,0.12053668025532305,0.992708874098054,0,1.0,False,False,True,False,False,False,False,False,False,False,False,False
89a8a06a017ffff,Presidente Vargas - Campo de Santana - Central do Brasil - Cinelândia,-22.903918024160166,-43.177432588549,0,0.7250432836608993,9,n_crimes_12w,0.3171,n_cameras_ring1,0.2137,fe_area_Presidente Vargas - Campo de Santana - Central do Brasil - Cinelândia,0.1826,0,1,1,0,7.0,0.0,0.0,0.0,0.0,1.0,0.0,0.0,0.0,1.0,8.0,56.0,0.12053668025532305,0.992708874098054,0,0.0,False,False,True,False,False,False,False,False,False,True,False,False
89a8a06a083ffff,Presidente Vargas - Campo de Santana - Central do Brasil - Cinelândia,-22.910120055489347,-43.17758039721316,1,0.8010519844164854,10,n_crimes_12w,0.3314,n_cameras_ring1,0.1644,fe_area_Presidente Vargas - Campo de Santana - Central do Brasil - Cinelândia,0.1485,1,0,1,0,9.0,0.5,0.0,0.0,0.0,0.0,1.0,0.0,1.0,2.0,15.0,53.0,0.12053668025532305,0.992708874098054,0,0.0,False,False,True,False,False,False,False,False,False,True,False,False
89a8a06a087ffff,Presidente Vargas - Campo de Santana - Central do Brasil - Cinelândia,-22.908495668151247,-43.180615388039605,1,0.8792129738297492,10,n_crimes_12w,0.4432,n_cameras_ring1,0.1468,fe_area_Presidente Vargas - Campo de Santana - Central do Brasil - Cinelândia,0.1191,1,1,0,1,15.0,0.5,0.0,0.0,0.0,0.0,0.0,1.0,2.0,3.0,11.0,59.0,0.12053668025532305,0.992708874098054,0,0.0,False,False,True,False,False,False,False,False,False,True,False,False
89a8a06a08bffff,Presidente Vargas - Campo de Santana - Central do Brasil - Cinelândia,-22.908643451972136,-43.17447149437232,0,0.48695945623752407,6,fe_area_Presidente Vargas - Campo de Santana - Central do Brasil - Cinelândia,0.3248,n_cameras_ring1,0.2646,orcrim_Sem domínio,0.1114,0,0,0,0,1.0,0.3333333333333333,1.0,1.0,0.0,0.0,0.0,0.0,0.0,2.0,8.0,39.0,0.12053668025532305,0.992708874098054,0,0.0,False,False,True,False,False,False,False,False,False,True,False,False
89a8a06a08fffff,Presidente Vargas - Campo de Santana - Central do Brasil - Cinelândia,-22.907019095673267,-43.17750649252146,0,0.7676566292677007,9,n_crimes_12w,0.3262,n_cameras_ring1,0.2198,fe_area_Presidente Vargas - Campo de Santana - Central do Brasil - Cinelândia,0.1644,0,1,1,0,8.0,0.3333333333333333,0.0,0.0,0.0,0.0,0.0,0.0,0.0,0.0,11.0,64.0,0.12053668025532305,0.992708874098054,0,0.0,False,False,True,False,False,False,False,False,False,True,False,False
89a8a06a093ffff,Presidente Vargas - Campo de Santana - Central do Brasil - Cinelândia,-22.91322090359627,-43.1776543026241,0,0.9250907811269948,10,n_crimes_12w,0.5846,fe_area_Presidente Vargas - Campo de Santana - Central do Brasil - Cinelândia,0.1072,W_y_lag1,0.0649,0,1,1,0,22.0,0.6666666666666666,0.0,0.0,0.0,0.0,1.0,0.0,0.0,1.0,9.0,29.0,0.12053668025532305,0.992708874098054,0,0.0,False,False,True,False,False,False,False,False,False,True,False,False
89a8a06a097ffff,Presidente Vargas - Campo de Santana - Central do Brasil - Cinelândia,-22.911596570105512,-43.18068930795295,1,0.9641614848583033,10,n_crimes_12w,0.6005,fe_area_Presidente Vargas - Campo de Santana - Central do Brasil - Cinelândia,0.0897,W_y_lag1,0.0679,1,1,1,0,27.0,0.8333333333333334,0.0,0.0,0.0,0.0,0.0,0.0,0.0,0.0,1.0,35.0,0.12053668025532305,0.992708874098054,0,0.0,False,False,True,False,False,False,False,False,False,True,False,False
89a8a06a09bffff,Presidente Vargas - Campo de Santana - Central do Brasil - Cinelândia,-22.911744357937117,-43.17454538456113,1,0.7954070244425219,10,n_crimes_12w,0.3961,fe_area_Presidente Vargas - Campo de Santana - Central do Brasil - Cinelândia,0.1452,n_cameras_ring1,0.0971,1,0,1,0,11.0,0.16666666666666666,2.0,3.0,0.0,2.0,0.0,0.0,0.0,7.0,13.0,32.0,0.12053668025532305,0.992708874098054,0,0.0,False,False,True,False,False,False,False,False,False,True,False,False
89a8a06a0a3ffff,Presidente Vargas - Campo de Santana - Central do Brasil - Cinelândia,-22.90377012844728,-43.18357642332806,0,0.9477643080946407,10,n_crimes_12w,0.4322,n_cameras_ring1,0.1201,n_fat_total,0.0959,0,1,1,1,20.0,0.0,2.0,2.0,0.0,6.0,3.0,1.0,5.0,19.0,25.0,66.0,0.12053668025532305,0.992708874098054,0,0.0,False,False,True,False,False,False,False,False,False,True,False,False
89a8a06a0abffff,Presidente Vargas - Campo de Santana - Central do Brasil - Cinelândia,-22.902293529146164,-43.18046755037104,0,0.7081770287140216,9,n_crimes_12w,0.25,n_cameras_ring1,0.2001,fe_area_Presidente Vargas - Campo de Santana - Central do Brasil - Cinelândia,0.168,0,1,0,0,6.0,0.0,0.0,0.0,0.0,2.0,2.0,2.0,2.0,8.0,21.0,57.0,0.12053668025532305,0.992708874098054,0,0.0,False,False,True,False,False,False,False,False,False,True,False,False
89a8a06a0b3ffff,Presidente Vargas - Campo de Santana - Central do Brasil - Cinelândia,-22.906871195935512,-43.18365035702368,0,0.7186349441785478,9,n_crimes_12w,0.2742,n_cameras_ring1,0.2734,fe_area_Presidente Vargas - Campo de Santana - Central do Brasil - Cinelândia,0.1843,0,1,0,0,6.0,0.5,0.0,0.0,0.0,0.0,0.0,0.0,0.0,0.0,10.0,71.0,0.12053668025532305,0.992708874098054,0,0.0,False,False,True,False,False,False,False,False,False,True,False,False
89a8a06a0b7ffff,Presidente Vargas - Campo de Santana - Central do Brasil - Cinelândia,-22.90524663885484,-43.18668530414857,0,0.7257760026054872,9,n_crimes_12w,0.3873,n_cameras_ring1,0.1812,fe_area_Presidente Vargas - Campo de Santana - Central do Brasil - Cinelândia,0.1735,0,0,1,1,9.0,0.16666666666666666,1.0,1.0,0.0,0.0,0.0,0.0,1.0,3.0,10.0,50.0,0.12053668025532305,0.992708874098054,0,0.0,False,False,True,False,False,False,False,False,False,True,False,False
89a8a06a0bbffff,Presidente Vargas - Campo de Santana - Central do Brasil - Cinelândia,-22.90539465449408,-43.18054146884564,0,0.6548131924592572,8,n_cameras_ring1,0.3693,n_crimes_12w,0.2549,fe_area_Presidente Vargas - Campo de Santana - Central do Brasil - Cinelândia,0.2056,0,0,0,1,5.0,0.16666666666666666,0.0,0.0,0.0,0.0,0.0,0.0,0.0,0.0,22.0,86.0,0.12053668025532305,0.992708874098054,0,0.0,False,False,True,False,False,False,False,False,False,True,False,False
89a8a06a183ffff,Rodoviária - Terminal Gentileza - Estação Leopoldina,-22.898747562136986,-43.19882487372055,0,0.22081287906564,2,fe_area_Rodoviária - Terminal Gentileza - Estação Leopoldina,0.5605,orcrim_Sem domínio,0.2116,n_crimes_12w,0.1531,0,0,0,0,1.0,0.0,0.0,0.0,0.0,0.0,0.0,0.0,0.0,0.0,0.0,0.0,0.12053668025532305,0.992708874098054,0,0.0,False,False,True,False,False,False,False,False,False,False,True,False
89a8a06a187ffff,Rodoviária - Terminal Gentileza - Estação Leopoldina,-22.897122580922296,-43.201859711297686,0,0.23247071104905248,2,fe_area_Rodoviária - Terminal Gentileza - Estação Leopoldina,0.4961,orcrim_Sem domínio,0.1873,n_crimes_12w,0.1355,0,0,0,0,1.0,0.0,0.0,0.0,0.0,0.0,0.0,0.0,0.0,0.0,3.0,9.0,0.12053668025532305,0.992708874098054,0,0.0,False,False,True,False,False,False,False,False,False,False,True,False
89a8a06a18fffff,Rodoviária - Terminal Gentileza - Estação Leopoldina,-22.895646225643798,-43.19875086752611,0,0.20905482795258507,1,fe_area_Rodoviária - Terminal Gentileza - Estação Leopoldina,0.6028,orcrim_Sem domínio,0.2276,week_cos,0.0699,0,0,0,0,0.0,0.0,0.0,0.0,0.0,0.0,0.0,0.0,0.0,0.0,4.0,5.0,0.12053668025532305,0.992708874098054,0,0.0,False,False,True,False,False,False,False,False,False,False,True,False
89a8a06a193ffff,Rodoviária - Terminal Gentileza - Estação Leopoldina,-22.901848786964944,-43.198898880635134,0,0.2041463888824441,1,fe_area_Rodoviária - Terminal Gentileza - Estação Leopoldina,0.6618,orcrim_Sem domínio,0.2499,week_cos,0.0768,0,0,0,0,0.0,0.0,0.0,0.0,0.0,0.0,0.0,0.0,0.0,0.0,0.0,0.0,0.12053668025532305,0.992708874098054,0,0.0,False,False,True,False,False,False,False,False,False,False,True,False
89a8a06a197ffff,Rodoviária - Terminal Gentileza - Estação Leopoldina,-22.90022385952745,-43.20193373271028,0,0.22081287906564,2,fe_area_Rodoviária - Terminal Gentileza - Estação Leopoldina,0.5605,orcrim_Sem domínio,0.2116,n_crimes_12w,0.1531,0,0,0,0,1.0,0.0,0.0,0.0,0.0,0.0,0.0,0.0,0.0,0.0,0.0,0.0,0.12053668025532305,0.992708874098054,0,0.0,False,False,True,False,False,False,False,False,False,False,True,False
89a8a06a1b3ffff,Rodoviária - Terminal Gentileza - Estação Leopoldina,-22.89549751491893,-43.204894526914885,0,0.23843237806004505,2,fe_area_Rodoviária - Terminal Gentileza - Estação Leopoldina,0.4861,n_crimes_12w,0.2655,orcrim_Sem domínio,0.1835,0,0,0,0,2.0,0.0,0.0,0.0,0.0,0.0,0.0,0.0,0.0,0.0,0.0,0.0,0.12053668025532305,0.992708874098054,0,0.0,False,False,True,False,False,False,False,False,False,False,True,False
89a8a06a42fffff,Presidente Vargas - Campo de Santana - Central do Brasil - Cinelândia,-22.91469736034474,-43.18076322858567,1,0.9038146626220178,10,n_crimes_12w,0.6114,fe_area_Presidente Vargas - Campo de Santana - Central do Brasil - Cinelândia,0.1174,y_lag1,0.0685,1,1,1,1,21.0,0.3333333333333333,0.0,0.0,0.0,0.0,0.0,0.0,0.0,0.0,0.0,0.0,0.12053668025532305,0.992708874098054,0,0.0,False,False,True,False,False,False,False,False,False,True,False,False
89a8a06a493ffff,Praia de Botafogo - Rua Marquês de Abrantes,-22.934923711468432,-43.17817166064049,1,0.7980413569104117,10,n_crimes_12w,0.4107,n_fat_total,0.0891,n_cameras_ring1,0.0815,1,1,1,0,14.0,0.16666666666666666,2.0,3.0,0.0,5.0,0.0,0.0,3.0,13.0,8.0,33.0,0.12053668025532305,0.992708874098054,0,0.0,False,False,True,False,False,False,False,False,True,False,False,False
89a8a06a49bffff,Praia de Botafogo - Rua Marquês de Abrantes,-22.933447570980142,-43.17506263601864,1,0.5735049759167788,8,n_crimes_12w,0.5078,fe_area_Praia de Botafogo - Rua Marquês de Abrantes,0.1204,y_lag1,0.1087,1,0,0,1,11.0,0.16666666666666666,1.0,1.0,0.0,0.0,0.0,0.0,1.0,3.0,10.0,18.0,0.12053668025532305,0.992708874098054,0,0.0,False,False,True,False,False,False,False,False,True,False,False,False
89a8a06a507ffff,Rodoviária - Terminal Gentileza - Estação Leopoldina,-22.911151791335815,-43.19912090569987,0,0.24173532174854268,2,n_cameras_ring1,0.4402,fe_area_Rodoviária - Terminal Gentileza - Estação Leopoldina,0.2422,orcrim_TCP,0.195,0,0,0,0,0.0,0.16666666666666666,0.0,0.0,0.0,0.0,0.0,0.0,0.0,0.0,25.0,79.0,0.12053668025532305,0.992708874098054,0,0.0,False,False,False,True,False,False,False,False,False,False,True,False
89a8a06a50bffff,Presidente Vargas - Campo de Santana - Central do Brasil - Cinelândia,-22.911300286797978,-43.1929770686634,1,0.7219438428346293,9,n_crimes_12w,0.3247,fe_area_Presidente Vargas - Campo de Santana - Central do Brasil - Cinelândia,0.187,n_cameras_ring1,0.168,1,0,1,1,7.0,0.16666666666666666,0.0,0.0,0.0,0.0,0.0,0.0,0.0,0.0,2.0,43.0,0.12053668025532305,0.992708874098054,0,0.0,False,False,True,False,False,False,False,False,False,True,False,False
89a8a06a50fffff,Rodoviária - Terminal Gentileza - Estação Leopoldina,-22.90967563660933,-43.19601199360821,0,0.3615360719867051,4,n_cameras_ring1,0.499,fe_area_Rodoviária - Terminal Gentileza - Estação Leopoldina,0.2493,orcrim_Sem domínio,0.0941,0,0,0,0,0.0,0.3333333333333333,0.0,0.0,0.0,0.0,0.0,0.0,0.0,0.0,20.0,87.0,0.12053668025532305,0.992708874098054,0,0.0,False,False,True,False,False,False,False,False,False,False,True,False
89a8a06a523ffff,Rodoviária - Terminal Gentileza - Estação Leopoldina,-22.906426081712226,-43.20208177769634,0,0.24228248150148074,2,fe_area_Rodoviária - Terminal Gentileza - Estação Leopoldina,0.3793,n_fat_total,0.1694,orcrim_Sem domínio,0.1432,0,0,0,0,0.0,0.3333333333333333,2.0,3.0,0.0,1.0,0.0,0.0,1.0,7.0,0.0,0.0,0.12053668025532305,0.992708874098054,0,0.0,False,False,True,False,False,False,False,False,False,False,True,False
89a8a06a527ffff,Rodoviária - Terminal Gentileza - Estação Leopoldina,-22.90480117702921,-43.20511663680609,0,0.214216936617849,2,fe_area_Rodoviária - Terminal Gentileza - Estação Leopoldina,0.596,orcrim_Sem domínio,0.225,W_y_lag1,0.0995,0,0,0,0,0.0,0.16666666666666666,0.0,0.0,0.0,0.0,0.0,0.0,0.0,0.0,0.0,0.0,0.12053668025532305,0.992708874098054,0,0.0,False,False,True,False,False,False,False,False,False,False,True,False
89a8a06a52bffff,Rodoviária - Terminal Gentileza - Estação Leopoldina,-22.90494990011549,-43.198972888269886,0,0.3028511688502734,3,n_cameras_ring1,0.3406,fe_area_Rodoviária - Terminal Gentileza - Estação Leopoldina,0.3365,orcrim_Sem domínio,0.1271,0,0,0,0,1.0,0.16666666666666666,0.0,0.0,0.0,0.0,0.0,0.0,0.0,0.0,1.0,44.0,0.12053668025532305,0.992708874098054,0,0.0,False,False,True,False,False,False,False,False,False,False,True,False
89a8a06a52fffff,Rodoviária - Terminal Gentileza - Estação Leopoldina,-22.90332502646147,-43.202007754843166,0,0.03606909797707526,1,orcrim_CV,0.8121,fe_area_Rodoviária - Terminal Gentileza - Estação Leopoldina,0.1658,week_cos,0.0192,0,0,0,0,0.0,0.0,0.0,0.0,0.0,0.0,0.0,0.0,0.0,0.0,0.0,0.0,0.12053668025532305,0.992708874098054,0,0.0,True,False,False,False,False,False,False,False,False,False,True,False
89a8a06a533ffff,Rodoviária - Terminal Gentileza - Estação Leopoldina,-22.909527025267554,-43.202155801269825,1,0.8984971184675675,10,n_crimes_12w,0.5413,n_cameras_ring1,0.1526,fe_area_Rodoviária - Terminal Gentileza - Estação Leopoldina,0.0862,1,1,0,1,23.0,0.3333333333333333,0.0,0.0,0.0,0.0,1.0,1.0,0.0,2.0,14.0,77.0,0.12053668025532305,0.992708874098054,0,0.0,False,False,True,False,False,False,False,False,False,False,True,False
89a8a06a537ffff,Rodoviária - Terminal Gentileza - Estação Leopoldina,-22.907902174370545,-43.20519067487735,1,0.3289999247202384,4,fe_area_Rodoviária - Terminal Gentileza - Estação Leopoldina,0.2942,y_lag1,0.1891,n_crimes_12w,0.1607,1,0,0,0,2.0,0.3333333333333333,0.0,0.0,0.0,0.0,1.0,0.0,1.0,2.0,0.0,0.0,0.12053668025532305,0.992708874098054,0,0.0,False,False,True,False,False,False,False,False,False,False,True,False
89a8a06a53bffff,Rodoviária - Terminal Gentileza - Estação Leopoldina,-22.9080509015765,-43.19904689662479,0,0.42122377822380686,5,n_cameras_ring1,0.3987,fe_area_Rodoviária - Terminal Gentileza - Estação Leopoldina,0.2113,n_crimes_12w,0.1732,0,0,0,0,3.0,0.3333333333333333,0.0,0.0,0.0,0.0,0.0,0.0,0.0,0.0,22.0,82.0,0.12053668025532305,0.992708874098054,0,0.0,False,False,True,False,False,False,False,False,False,False,True,False
89a8a06a543ffff,Presidente Vargas - Campo de Santana - Central do Brasil - Cinelândia,-22.911448546390183,-43.18683320270074,1,0.8657518584213193,10,n_crimes_12w,0.5234,fe_area_Presidente Vargas - Campo de Santana - Central do Brasil - Cinelândia,0.1319,W_y_lag1,0.08,1,1,1,1,16.0,0.6666666666666666,0.0,0.0,0.0,0.0,0.0,0.0,0.0,0.0,0.0,0.0,0.12053668025532305,0.992708874098054,0,0.0,False,False,True,False,False,False,False,False,False,True,False,False
89a8a06a547ffff,Presidente Vargas - Campo de Santana - Central do Brasil - Cinelândia,-22.90982401209815,-43.18986815695084,0,0.6717665186081729,9,n_crimes_12w,0.2776,fe_area_Presidente Vargas - Campo de Santana - Central do Brasil - Cinelândia,0.1866,W_y_lag1,0.1131,0,0,1,0,6.0,0.6666666666666666,1.0,2.0,0.0,2.0,0.0,0.0,3.0,8.0,7.0,20.0,0.12053668025532305,0.992708874098054,0,0.0,False,False,True,False,False,False,False,False,False,True,False,False
89a8a06a54bffff,Presidente Vargas - Campo de Santana - Central do Brasil - Cinelândia,-22.909972151727118,-43.18372429143879,1,0.7733453773555192,9,n_crimes_12w,0.3722,fe_area_Presidente Vargas - Campo de Santana - Central do Brasil - Cinelândia,0.1668,W_y_lag1,0.1263,1,1,1,1,9.0,0.8333333333333334,0.0,0.0,0.0,0.0,0.0,0.0,0.0,0.0,0.0,0.0,0.12053668025532305,0.992708874098054,0,0.0,False,False,True,False,False,False,False,False,False,True,False,False
89a8a06a54fffff,Presidente Vargas - Campo de Santana - Central do Brasil - Cinelândia,-22.90834764847376,-43.18675925306483,1,0.6102500911056512,8,fe_area_Presidente Vargas - Campo de Santana - Central do Brasil - Cinelândia,0.2437,n_crimes_12w,0.2418,n_cameras_ring1,0.168,1,0,0,1,4.0,0.3333333333333333,0.0,0.0,0.0,0.0,0.0,0.0,0.0,0.0,3.0,33.0,0.12053668025532305,0.992708874098054,0,0.0,False,False,True,False,False,False,False,False,False,True,False,False
89a8a06a557ffff,Presidente Vargas - Campo de Santana - Central do Brasil - Cinelândia,-22.91292485212976,-43.18994212180717,1,0.836934919217895,10,n_crimes_12w,0.5658,fe_area_Presidente Vargas - Campo de Santana - Central do Brasil - Cinelândia,0.1426,y_lag1,0.0833,1,1,0,1,16.0,0.3333333333333333,0.0,0.0,0.0,0.0,0.0,0.0,0.0,0.0,0.0,0.0,0.12053668025532305,0.992708874098054,0,1.0,False,False,True,False,False,False,False,False,False,True,False,False
89a8a06a55bffff,Presidente Vargas - Campo de Santana - Central do Brasil - Cinelândia,-22.91307299580994,-43.18379822657342,1,0.9592720068097891,10,n_crimes_12w,0.6656,fe_area_Presidente Vargas - Campo de Santana - Central do Brasil - Cinelândia,0.0926,W_y_lag1,0.0561,1,1,1,1,29.0,0.6666666666666666,0.0,0.0,0.0,0.0,0.0,0.0,0.0,0.0,0.0,0.0,0.12053668025532305,0.992708874098054,0,0.0,False,False,True,False,False,False,False,False,False,True,False,False
89a8a06a563ffff,Presidente Vargas - Campo de Santana - Central do Brasil - Cinelândia,-22.905098387393018,-43.192829110670345,1,0.7728077973876119,9,n_crimes_12w,0.3091,fe_area_Presidente Vargas - Campo de Santana - Central do Brasil - Cinelândia,0.1558,n_cameras_ring1,0.1302,1,1,0,0,8.0,0.16666666666666666,2.0,2.0,0.0,2.0,1.0,0.0,0.0,7.0,9.0,40.0,0.12053668025532305,0.992708874098054,0,0.0,False,False,True,False,False,False,False,False,False,True,False,False
89a8a06a56bffff,Presidente Vargas - Campo de Santana - Central do Brasil - Cinelândia,-22.903621996921952,-43.189720229397494,0,0.7043695583440099,9,n_crimes_12w,0.4787,fe_area_Presidente Vargas - Campo de Santana - Central do Brasil - Cinelândia,0.1755,n_cameras_ring1,0.1026,0,0,0,1,11.0,0.16666666666666666,0.0,0.0,0.0,1.0,0.0,1.0,4.0,6.0,3.0,28.0,0.12053668025532305,0.992708874098054,0,0.0,False,False,True,False,False,False,False,False,False,True,False,False
89a8a06a573ffff,Presidente Vargas - Campo de Santana - Central do Brasil - Cinelândia,-22.90819939294655,-43.19290308930693,0,0.6699303923037221,8,n_cameras_ring1,0.2499,fe_area_Presidente Vargas - Campo de Santana - Central do Brasil - Cinelândia,0.1813,n_fat_total,0.1155,0,0,1,0,2.0,0.5,2.0,3.0,0.0,3.0,0.0,0.0,3.0,11.0,9.0,66.0,0.12053668025532305,0.992708874098054,0,0.0,False,False,True,False,False,False,False,False,False,True,False,False
89a8a06a577ffff,Rodoviária - Terminal Gentileza - Estação Leopoldina,-22.906574688948098,-43.1959379997522,1,0.8926251141573193,10,n_crimes_12w,0.5614,n_cameras_ring1,0.1202,fe_area_Rodoviária - Terminal Gentileza - Estação Leopoldina,0.0856,1,1,0,1,24.0,0.16666666666666666,0.0,0.0,0.0,1.0,1.0,1.0,1.0,4.0,22.0,61.0,0.12053668025532305,0.992708874098054,0,0.0,False,False,True,False,False,False,False,False,False,False,True,False
89a8a06a57bffff,Presidente Vargas - Campo de Santana - Central do Brasil - Cinelândia,-22.90672306035816,-43.18979419281428,0,0.6614800617759404,8,n_crimes_12w,0.3007,fe_area_Presidente Vargas - Campo de Santana - Central do Brasil - Cinelândia,0.2021,n_cameras_ring1,0.1731,0,0,0,1,6.0,0.3333333333333333,1.0,1.0,0.0,0.0,2.0,0.0,1.0,5.0,6.0,41.0,0.12053668025532305,0.992708874098054,0,0.0,False,False,True,False,False,False,False,False,False,True,False,False
89a8a06a5a3ffff,Rodoviária - Terminal Gentileza - Estação Leopoldina,-22.91410383393719,-43.2053387531812,0,0.3020069894700404,3,n_cameras_ring1,0.3868,fe_area_Rodoviária - Terminal Gentileza - Estação Leopoldina,0.285,orcrim_Sem domínio,0.1076,0,0,0,0,0.0,0.16666666666666666,1.0,1.0,0.0,0.0,0.0,1.0,0.0,3.0,15.0,59.0,0.12053668025532305,0.992708874098054,0,0.0,False,False,True,False,False,False,False,False,False,False,True,False
89a8a06a5a7ffff,Rodoviária - Terminal Gentileza - Estação Leopoldina,-22.912479005794918,-43.20837363380417,0,0.5114656176502044,7,n_crimes_12w,0.324,n_cameras_ring1,0.2495,fe_area_Rodoviária - Terminal Gentileza - Estação Leopoldina,0.1695,0,1,0,0,7.0,0.16666666666666666,0.0,0.0,0.0,0.0,0.0,1.0,0.0,1.0,23.0,64.0,0.12053668025532305,0.992708874098054,0,0.0,False,False,True,False,False,False,False,False,False,False,True,False
89a8a06a5abffff,Rodoviária - Terminal Gentileza - Estação Leopoldina,-22.912627857115325,-43.202229825563634,0,0.4457294134367116,6,n_cameras_ring1,0.3188,n_crimes_12w,0.2783,fe_area_Rodoviária - Terminal Gentileza - Estação Leopoldina,0.2038,0,0,0,0,5.0,0.3333333333333333,0.0,0.0,0.0,0.0,0.0,0.0,0.0,0.0,16.0,68.0,0.12053668025532305,0.992708874098054,0,0.0,False,False,True,False,False,False,False,False,False,False,True,False
89a8a06a5afffff,Rodoviária - Terminal Gentileza - Estação Leopoldina,-22.911003060010593,-43.20526471366905,1,0.6938410713114573,9,n_cameras_ring1,0.2372,n_crimes_12w,0.2292,fe_area_Rodoviária - Terminal Gentileza - Estação Leopoldina,0.1199,1,1,1,0,7.0,0.3333333333333333,1.0,2.0,0.0,1.0,0.0,1.0,2.0,7.0,14.0,86.0,0.12053668025532305,0.992708874098054,0,0.0,False,False,True,False,False,False,False,False,False,False,True,False
89a8a06a5b7ffff,Rodoviária - Terminal Gentileza - Estação Leopoldina,-22.91557972179075,-43.20844768853432,0,0.5372120775893776,7,n_crimes_12w,0.3326,n_cameras_ring1,0.2121,fe_area_Rodoviária - Terminal Gentileza - Estação Leopoldina,0.174,0,1,1,1,7.0,0.0,0.0,0.0,0.0,0.0,0.0,0.0,0.0,0.0,6.0,53.0,0.12053668025532305,0.992708874098054,0,0.0,False,False,True,False,False,False,False,False,False,False,True,False
89a8a07880bffff,Metrô Botafogo - Rua São Clemente - Rua Voluntários da Pátria,-22.9547010652027,-43.194012855250456,1,0.693150723637563,9,n_crimes_12w,0.2652,n_fat_total,0.2169,y_lag1,0.0781,1,1,0,1,8.0,0.0,4.0,11.0,2.0,7.0,0.0,2.0,2.0,28.0,13.0,24.0,0.12053668025532305,0.992708874098054,0,0.0,False,False,True,False,False,False,False,True,False,False,False,False
89a8a07880fffff,Metrô Botafogo - Rua São Clemente - Rua Voluntários da Pátria,-22.953077169009063,-43.19704798320209,0,0.4166931009516654,5,n_crimes_12w,0.3852,fe_area_Metrô Botafogo - Rua São Clemente - Rua Voluntários da Pátria,0.1084,n_fat_total,0.108,0,0,0,1,5.0,0.16666666666666666,2.0,3.0,0.0,1.0,0.0,0.0,0.0,6.0,3.0,16.0,0.12053668025532305,0.992708874098054,0,0.0,False,False,True,False,False,False,False,True,False,False,False,False
89a8a07881bffff,Metrô Botafogo - Rua São Clemente - Rua Voluntários da Pátria,-22.957800282067204,-43.19408684540682,0,0.3403406244179729,4,n_fat_total,0.1962,n_cameras_ring1,0.165,fe_area_Metrô Botafogo - Rua São Clemente - Rua Voluntários da Pátria,0.1313,0,0,0,0,1.0,0.16666666666666666,2.0,4.0,0.0,2.0,0.0,1.0,0.0,9.0,5.0,21.0,0.12053668025532305,0.992708874098054,0,0.0,False,False,True,False,False,False,False,True,False,False,False,False
89a8a078843ffff,Metrô Botafogo - Rua São Clemente - Rua Voluntários da Pátria,-22.954849381662786,-43.18786857317161,0,0.5816265111926632,8,n_crimes_12w,0.3679,n_fat_total,0.1504,y_lag4,0.0834,0,0,1,1,8.0,0.16666666666666666,5.0,6.0,0.0,3.0,0.0,0.0,0.0,14.0,8.0,21.0,0.12053668025532305,0.992708874098054,0,0.0,False,False,True,False,False,False,False,True,False,False,False,False
89a8a078847ffff,Metrô Botafogo - Rua São Clemente - Rua Voluntários da Pátria,-22.95322560155838,-43.190903730444276,0,0.5604201909800802,8,n_crimes_12w,0.2258,n_fat_total,0.1794,n_cameras_ring1,0.1636,0,0,1,0,5.0,0.16666666666666666,3.0,4.0,1.0,2.0,1.0,1.0,5.0,17.0,5.0,43.0,0.12053668025532305,0.992708874098054,0,0.0,False,False,True,False,False,False,False,True,False,False,False,False
89a8a07884bffff,Metrô Botafogo - Rua São Clemente - Rua Voluntários da Pátria,-22.953373797868228,-43.184759448804044,1,0.8604497121720528,10,n_crimes_12w,0.4311,n_fat_total,0.107,n_cameras_ring1,0.0999,1,1,1,1,16.0,0.16666666666666666,5.0,7.0,0.0,4.0,0.0,0.0,1.0,17.0,3.0,44.0,0.12053668025532305,0.992708874098054,0,0.0,False,False,True,False,False,False,False,True,False,False,False,False
89a8a07884fffff,Metrô Botafogo - Rua São Clemente - Rua Voluntários da Pátria,-22.951750048854972,-43.18779461345963,0,0.8822195309361079,10,n_crimes_12w,0.3955,n_fat_total,0.1951,n_cameras_ring1,0.0592,0,1,1,0,18.0,0.3333333333333333,12.0,12.0,3.0,1.0,3.0,2.0,5.0,38.0,5.0,32.0,0.12053668025532305,0.992708874098054,0,0.0,False,False,True,False,False,False,False,True,False,False,False,False
89a8a078857ffff,Metrô Botafogo - Rua São Clemente - Rua Voluntários da Pátria,-22.956324876399336,-43.19097770537863,0,0.3542280152105998,4,n_cameras_ring1,0.2575,n_crimes_12w,0.1972,fe_area_Metrô Botafogo - Rua São Clemente - Rua Voluntários da Pátria,0.1388,0,0,0,1,2.0,0.16666666666666666,1.0,1.0,0.0,0.0,0.0,0.0,1.0,3.0,8.0,31.0,0.12053668025532305,0.992708874098054,0,0.0,False,False,True,False,False,False,False,True,False,False,False,False
89a8a078873ffff,Metrô Botafogo - Rua São Clemente - Rua Voluntários da Pátria,-22.951601736454283,-43.19393886581416,0,0.4547557837499301,6,n_fat_total,0.1667,n_cameras_ring1,0.1475,n_crimes_12w,0.1297,0,0,1,0,2.0,0.16666666666666666,2.0,4.0,0.0,3.0,1.0,1.0,0.0,11.0,3.0,27.0,0.12053668025532305,0.992708874098054,0,0.0,False,False,True,False,False,False,False,True,False,False,False,False
89a8a07887bffff,Metrô Botafogo - Rua São Clemente - Rua Voluntários da Pátria,-22.950126214839365,-43.19082975622986,0,0.29317786732367374,3,fe_area_Metrô Botafogo - Rua São Clemente - Rua Voluntários da Pátria,0.1979,orcrim_Sem domínio,0.1943,n_cameras_ring1,0.1894,0,0,0,0,0.0,0.16666666666666666,1.0,2.0,0.0,1.0,0.0,0.0,0.0,4.0,6.0,16.0,0.12053668025532305,0.992708874098054,0,0.0,False,False,True,False,False,False,False,True,False,False,False,False
89a8a078a07ffff,Praia de Botafogo - Rua Marquês de Abrantes,-22.944223237991523,-43.17839339629438,0,0.22173925157727678,2,fe_area_Praia de Botafogo - Rua Marquês de Abrantes,0.5822,orcrim_Sem domínio,0.3087,week_cos,0.0948,0,0,0,0,0.0,0.0,0.0,0.0,0.0,0.0,0.0,0.0,0.0,0.0,0.0,0.0,0.12053668025532305,0.992708874098054,0,0.0,False,False,True,False,False,False,False,False,True,False,False,False
89a8a078a0fffff,Praia de Botafogo - Rua Marquês de Abrantes,-22.942747271235856,-43.17528432600237,0,0.3454859079587957,4,fe_area_Praia de Botafogo - Rua Marquês de Abrantes,0.2302,n_cameras_ring1,0.2007,n_crimes_12w,0.1765,0,0,0,1,2.0,0.16666666666666666,0.0,0.0,0.0,1.0,1.0,0.0,0.0,2.0,11.0,27.0,0.12053668025532305,0.992708874098054,0,0.0,False,False,True,False,False,False,False,False,True,False,False,False
89a8a078a23ffff,Praia de Botafogo - Rua Marquês de Abrantes,-22.93949965906084,-43.18135461954662,1,0.3713740795798131,5,n_cameras_ring1,0.3447,fe_area_Praia de Botafogo - Rua Marquês de Abrantes,0.2093,y_lag1,0.1889,1,0,0,0,1.0,0.0,0.0,0.0,0.0,0.0,0.0,0.0,0.0,0.0,11.0,51.0,0.12053668025532305,0.992708874098054,0,0.0,False,False,True,False,False,False,False,False,True,False,False,False
89a8a078a27ffff,Praia de Botafogo - Rua Marquês de Abrantes,-22.937875725500366,-43.18438973355419,0,0.2764810719915813,3,fe_area_Praia de Botafogo - Rua Marquês de Abrantes,0.3349,n_cameras_ring1,0.1947,orcrim_Sem domínio,0.1775,0,0,0,0,1.0,0.16666666666666666,0.0,0.0,0.0,0.0,0.0,0.0,0.0,0.0,6.0,18.0,0.12053668025532305,0.992708874098054,0,0.0,False,False,True,False,False,False,False,False,True,False,False,False
89a8a078a2bffff,Praia de Botafogo - Rua Marquês de Abrantes,-22.93802366546516,-43.178245571805775,0,0.435158623671161,5,n_cameras_ring1,0.2753,n_fat_total,0.1502,fe_area_Praia de Botafogo - Rua Marquês de Abrantes,0.1397,0,0,0,0,2.0,0.5,3.0,3.0,0.0,1.0,0.0,0.0,5.0,12.0,6.0,61.0,0.12053668025532305,0.992708874098054,0,0.0,False,False,True,False,False,False,False,False,True,False,False,False
89a8a078a2fffff,Praia de Botafogo - Rua Marquês de Abrantes,-22.936399762978734,-43.18128069315842,0,0.5509916231448975,7,n_crimes_12w,0.4177,n_cameras_ring1,0.1212,fe_area_Praia de Botafogo - Rua Marquês de Abrantes,0.121,0,1,0,0,9.0,0.3333333333333333,1.0,1.0,0.0,0.0,0.0,1.0,2.0,5.0,7.0,31.0,0.12053668025532305,0.992708874098054,0,0.0,False,False,True,False,False,False,False,False,True,False,False,False
89a8a078a33ffff,Praia de Botafogo - Rua Marquês de Abrantes,-22.942599443318755,-43.181428546654274,0,0.6213091800497302,8,n_crimes_12w,0.1524,n_fat_total,0.1424,n_cameras_ring1,0.1316,0,1,1,0,4.0,0.3333333333333333,1.0,4.0,0.0,3.0,4.0,0.0,4.0,16.0,17.0,41.0,0.12053668025532305,0.992708874098054,0,0.0,False,False,True,False,False,False,False,False,True,False,False,False
89a8a078a37ffff,Praia de Botafogo - Rua Marquês de Abrantes,-22.940975563658245,-43.184463675164906,0,0.24346296309120552,2,fe_area_Praia de Botafogo - Rua Marquês de Abrantes,0.4574,orcrim_Sem domínio,0.2425,W_y_lag1,0.2144,0,0,0,0,0.0,0.3333333333333333,0.0,0.0,0.0,0.0,0.0,0.0,0.0,0.0,0.0,0.0,0.12053668025532305,0.992708874098054,0,0.0,False,False,True,False,False,False,False,False,True,False,False,False
89a8a078a3bffff,Praia de Botafogo - Rua Marquês de Abrantes,-22.941123507643567,-43.1783194836904,0,0.5450190869633532,7,n_fat_total,0.1846,n_cameras_ring1,0.183,n_crimes_12w,0.158,0,0,1,0,4.0,0.3333333333333333,6.0,7.0,0.0,2.0,1.0,0.0,4.0,20.0,15.0,55.0,0.12053668025532305,0.992708874098054,0,0.0,False,False,True,False,False,False,False,False,True,False,False,False
89a8a078a63ffff,Praia de Botafogo - Rua Marquês de Abrantes,-22.938171369312233,-43.17210138146708,0,0.36985301454228064,5,n_crimes_12w,0.4114,fe_area_Praia de Botafogo - Rua Marquês de Abrantes,0.2146,n_cameras_ring1,0.1525,0,0,0,0,5.0,0.16666666666666666,0.0,0.0,0.0,0.0,0.0,0.0,0.0,0.0,7.0,22.0,0.12053668025532305,0.992708874098054,0,0.0,False,False,True,False,False,False,False,False,True,False,False,False
89a8a078a67ffff,Praia de Botafogo - Rua Marquês de Abrantes,-22.93654758288189,-43.175136531960675,0,0.49089005346560344,6,n_crimes_12w,0.2115,n_cameras_ring1,0.1826,fe_area_Praia de Botafogo - Rua Marquês de Abrantes,0.1379,0,0,0,0,4.0,0.5,2.0,2.0,0.0,2.0,2.0,0.0,1.0,9.0,10.0,41.0,0.12053668025532305,0.992708874098054,0,0.0,False,False,True,False,False,False,False,False,True,False,False,False
89a8a078a6fffff,Praia de Botafogo - Rua Marquês de Abrantes,-22.935071411321694,-43.17202750002959,0,0.23242420357943255,2,fe_area_Praia de Botafogo - Rua Marquês de Abrantes,0.5123,orcrim_Sem domínio,0.2716,W_y_lag1,0.12,0,0,0,0,0.0,0.16666666666666666,0.0,0.0,0.0,0.0,0.0,0.0,0.0,0.0,0.0,0.0,0.12053668025532305,0.992708874098054,0,0.0,False,False,True,False,False,False,False,False,True,False,False,False
89a8a078a73ffff,Praia de Botafogo - Rua Marquês de Abrantes,-22.941271215484058,-43.172175263623636,0,0.3202395986640767,4,fe_area_Praia de Botafogo - Rua Marquês de Abrantes,0.2407,n_cameras_ring1,0.2177,n_fat_total,0.1294,0,0,0,0,0.0,0.16666666666666666,2.0,2.0,0.0,0.0,2.0,0.0,0.0,6.0,2.0,28.0,0.12053668025532305,0.992708874098054,0,0.0,False,False,True,False,False,False,False,False,True,False,False,False
89a8a078a77ffff,Praia de Botafogo - Rua Marquês de Abrantes,-22.93964748297116,-43.17521042862192,1,0.5375433847691997,7,n_crimes_12w,0.3036,n_cameras_ring1,0.2173,fe_area_Praia de Botafogo - Rua Marquês de Abrantes,0.1319,1,0,1,0,6.0,0.0,0.0,0.0,0.0,0.0,0.0,1.0,0.0,1.0,10.0,51.0,0.12053668025532305,0.992708874098054,0,0.0,False,False,True,False,False,False,False,False,True,False,False,False
89a8a078a83ffff,Rua Lauro Müller – Avenida General Severiano – Avenida Venceslau Brás,-22.953521757931725,-43.17861513842252,0,0.5096109490272005,7,n_crimes_12w,0.3096,n_cameras_ring1,0.193,n_fat_total,0.1157,0,0,0,1,5.0,0.3333333333333333,1.0,4.0,0.0,3.0,0.0,0.0,0.0,8.0,9.0,37.0,0.12053668025532305,0.992708874098054,0,0.0,False,False,True,False,False,False,False,False,False,False,False,True
89a8a078a87ffff,Rua Lauro Müller – Avenida General Severiano – Avenida Venceslau Brás,-22.951898125026307,-43.181650332294225,1,0.5326295412395929,7,n_fat_total,0.2076,n_cameras_ring1,0.1457,n_crimes_12w,0.1403,1,0,0,0,3.0,0.5,5.0,7.0,1.0,2.0,0.0,0.0,4.0,19.0,19.0,37.0,0.12053668025532305,0.992708874098054,0,0.0,False,False,True,False,False,False,False,False,False,False,False,True
89a8a078a8bffff,Rua Lauro Müller – Avenida General Severiano – Avenida Venceslau Brás,-22.9520459649614,-43.175506022459075,0,0.6835791372711887,9,n_crimes_12w,0.5199,y_lag4,0.0786,n_cameras_ring1,0.0766,0,0,1,0,12.0,0.16666666666666666,1.0,1.0,0.0,1.0,2.0,0.0,2.0,7.0,4.0,21.0,0.12053668025532305,0.992708874098054,0,0.0,False,False,True,False,False,False,False,False,False,False,False,True
89a8a078a8fffff,Rua Lauro Müller – Avenida General Severiano – Avenida Venceslau Brás,-22.950422363147705,-43.17854122366043,1,0.6485211630062315,8,n_crimes_12w,0.198,n_cameras_ring1,0.1626,y_lag1,0.1165,1,1,0,1,4.0,0.3333333333333333,0.0,0.0,0.0,3.0,3.0,0.0,0.0,6.0,6.0,39.0,0.12053668025532305,0.992708874098054,0,0.0,False,False,True,False,False,False,False,False,False,False,False,True
89a8a078a93ffff,Rua Lauro Müller – Avenida General Severiano – Avenida Venceslau Brás,-22.956621040836882,-43.178689053904,0,0.4599122424511306,6,n_fat_total,0.3385,n_fat_calcada,0.1548,n_cameras_ring1,0.0845,0,0,0,1,1.0,0.0,4.0,8.0,0.0,9.0,1.0,3.0,1.0,26.0,2.0,18.0,0.12053668025532305,0.992708874098054,0,0.0,False,False,True,False,False,False,False,False,False,False,False,True
89a8a078a97ffff,Rua Lauro Müller – Avenida General Severiano – Avenida Venceslau Brás,-22.954997461866423,-43.18172426227991,0,0.483538670833205,6,n_crimes_12w,0.2755,n_cameras_ring1,0.1914,y_lag2,0.128,0,1,0,1,4.0,0.3333333333333333,2.0,2.0,0.0,0.0,0.0,0.0,0.0,4.0,5.0,33.0,0.12053668025532305,0.992708874098054,0,0.0,False,False,True,False,False,False,False,False,False,False,False,True
89a8a078a9bffff,Rua Lauro Müller – Avenida General Severiano – Avenida Venceslau Brás,-22.955145305806717,-43.17557992271647,0,0.3881818119350314,5,n_crimes_12w,0.2892,n_cameras_ring1,0.1868,orcrim_Sem domínio,0.1333,0,0,0,1,3.0,0.0,2.0,2.0,0.0,0.0,1.0,0.0,0.0,5.0,1.0,23.0,0.12053668025532305,0.992708874098054,0,0.0,False,False,True,False,False,False,False,False,False,False,False,True
89a8a078aa3ffff,Praia de Botafogo - Rua Marquês de Abrantes,-22.94717490447175,-43.1846115605452,0,0.5610743663602668,8,n_crimes_12w,0.2759,n_cameras_ring1,0.1356,fe_area_Praia de Botafogo - Rua Marquês de Abrantes,0.1199,0,1,1,0,6.0,0.5,2.0,2.0,0.0,1.0,0.0,0.0,1.0,6.0,10.0,35.0,0.12053668025532305,0.992708874098054,0,0.0,False,False,True,False,False,False,False,False,True,False,False,False
89a8a078aa7ffff,Praia de Botafogo - Rua Marquês de Abrantes,-22.945551047634837,-43.18764669619502,0,0.3164095786392693,4,fe_area_Praia de Botafogo - Rua Marquês de Abrantes,0.2623,n_crimes_12w,0.2012,n_cameras_ring1,0.1525,0,0,0,1,2.0,0.3333333333333333,0.0,0.0,0.0,0.0,0.0,0.0,1.0,1.0,3.0,18.0,0.12053668025532305,0.992708874098054,0,0.0,False,False,True,False,False,False,False,False,True,False,False,False
89a8a078aabffff,Praia de Botafogo - Rua Marquês de Abrantes,-22.945699115740375,-43.18150247448142,0,0.5582928181817951,7,n_crimes_12w,0.2287,n_cameras_ring1,0.1503,fe_area_Praia de Botafogo - Rua Marquês de Abrantes,0.1193,0,1,0,1,5.0,0.3333333333333333,1.0,1.0,0.0,0.0,3.0,0.0,3.0,8.0,10.0,39.0,0.12053668025532305,0.992708874098054,0,1.0,False,False,True,False,False,False,False,False,True,False,False,False
89a8a078aafffff,Praia de Botafogo - Rua Marquês de Abrantes,-22.94407528998607,-43.18453761749524,1,0.5037918782322809,7,n_cameras_ring1,0.1772,n_crimes_12w,0.1578,fe_area_Praia de Botafogo - Rua Marquês de Abrantes,0.1372,1,0,1,0,3.0,0.0,1.0,2.0,0.0,4.0,0.0,1.0,0.0,8.0,5.0,40.0,0.12053668025532305,0.992708874098054,0,0.0,False,False,True,False,False,False,False,False,True,False,False,False
89a8a078ab3ffff,Metrô Botafogo - Rua São Clemente - Rua Voluntários da Pátria,-22.950274407103162,-43.1846855043148,0,0.6707911200730227,8,n_fat_total,0.2393,n_crimes_12w,0.1366,n_cameras_ring1,0.1352,0,0,0,0,4.0,0.6666666666666666,5.0,7.0,0.0,5.0,5.0,1.0,7.0,30.0,7.0,47.0,0.12053668025532305,0.992708874098054,0,0.0,False,False,True,False,False,False,False,True,False,False,False,False
89a8a078ab7ffff,Metrô Botafogo - Rua São Clemente - Rua Voluntários da Pátria,-22.94865060417497,-43.187720654467434,1,0.502821372787687,7,n_crimes_12w,0.3129,n_cameras_ring1,0.1634,y_lag1,0.1473,1,0,0,0,5.0,0.0,1.0,1.0,0.0,1.0,1.0,0.0,1.0,5.0,3.0,31.0,0.12053668025532305,0.992708874098054,0,0.0,False,False,True,False,False,False,False,True,False,False,False,False
89a8a078abbffff,Metrô Botafogo - Rua São Clemente - Rua Voluntários da Pátria,-22.948798676313597,-43.181576403028075,1,0.76640557892429,9,n_crimes_12w,0.3545,n_cameras_ring1,0.1553,y_lag1,0.0835,1,0,1,0,10.0,0.3333333333333333,2.0,2.0,0.0,3.0,2.0,0.0,0.0,9.0,7.0,52.0,0.12053668025532305,0.992708874098054,0,0.0,False,False,True,False,False,False,False,True,False,False,False,False
89a8a078ad7ffff,Rua Lauro Müller – Avenida General Severiano – Avenida Venceslau Brás,-22.953669481741997,-43.17247079944082,0,0.2802497635117901,3,orcrim_Sem domínio,0.27,n_crimes_12w,0.1953,fe_area_Rua Lauro Müller – Avenida General Severiano – Avenida Venceslau Brás,0.1786,0,0,0,0,1.0,0.0,1.0,1.0,0.0,0.0,0.0,0.0,0.0,2.0,5.0,5.0,0.12053668025532305,0.992708874098054,0,0.0,False,False,True,False,False,False,False,False,False,False,False,True
89a8a078e67ffff,Rua Lauro Müller – Avenida General Severiano – Avenida Venceslau Brás,-22.958244534766948,-43.17565382369313,0,0.26175717420991035,2,orcrim_Sem domínio,0.3404,fe_area_Rua Lauro Müller – Avenida General Severiano – Avenida Venceslau Brás,0.2252,n_fat_total,0.1151,0,0,0,0,0.0,0.0,1.0,1.0,0.0,0.0,0.0,0.0,0.0,2.0,3.0,5.0,0.12053668025532305,0.992708874098054,0,0.0,False,False,True,False,False,False,False,False,False,False,False,True
89a8a078e77ffff,Rua Lauro Müller – Avenida General Severiano – Avenida Venceslau Brás,-22.96134365182999,-43.175727725389066,0,0.3386988191210147,4,n_crimes_12w,0.5635,orcrim_Sem domínio,0.1948,fe_area_Rua Lauro Müller – Avenida General Severiano – Avenida Venceslau Brás,0.1288,0,0,0,0,4.0,0.0,0.0,0.0,0.0,0.0,0.0,0.0,0.0,0.0,2.0,3.0,0.12053668025532305,0.992708874098054,0,0.0,False,False,True,False,False,False,False,False,False,False,False,True
89a8a07ab0bffff,Jardim de Alah,-22.986716140392655,-43.21629563840608,0,0.3898879814817404,5,n_fat_total,0.2008,fe_area_Jardim de Alah,0.1538,n_crimes_12w,0.1228,0,0,1,0,2.0,0.0,3.0,4.0,0.0,2.0,2.0,1.0,2.0,14.0,7.0,11.0,0.12053668025532305,0.992708874098054,0,0.0,False,False,True,False,False,False,True,False,False,False,False,False
89a8a07ab47ffff,Jardim de Alah,-22.985241706887663,-43.213186352821666,0,0.5237226037804852,7,n_crimes_12w,0.2178,n_fat_total,0.2036,fe_area_Jardim de Alah,0.1091,0,0,1,1,5.0,0.0,2.0,5.0,0.0,4.0,2.0,0.0,7.0,20.0,2.0,21.0,0.12053668025532305,0.992708874098054,0,0.0,False,False,True,False,False,False,True,False,False,False,False,False
89a8a07ab63ffff,Jardim de Alah,-22.980519750478386,-43.21614743707361,0,0.27081261692682335,3,fe_area_Jardim de Alah,0.2638,n_cameras_ring1,0.1597,n_fat_total,0.1477,0,0,0,0,0.0,0.16666666666666666,0.0,0.0,0.0,1.0,0.0,2.0,3.0,6.0,3.0,18.0,0.12053668025532305,0.992708874098054,0,0.0,False,False,True,False,False,False,True,False,False,False,False,False
89a8a07ab67ffff,Jardim de Alah,-22.978895906078087,-43.219182585086706,1,0.3981103416725569,5,n_fat_total,0.1766,fe_area_Jardim de Alah,0.1577,y_lag1,0.1483,1,0,1,0,2.0,0.0,4.0,5.0,0.0,2.0,0.0,0.0,1.0,12.0,1.0,4.0,0.12053668025532305,0.992708874098054,0,0.0,False,False,True,False,False,False,True,False,False,False,False,False
89a8a07ab73ffff,Jardim de Alah,-22.983618001434127,-43.2162215373793,0,0.4343834838254259,5,n_fat_total,0.399,n_fat_sitrua,0.1956,n_crimes_12w,0.0813,0,0,0,0,3.0,0.0,10.0,12.0,0.0,2.0,2.0,2.0,35.0,63.0,9.0,18.0,0.12053668025532305,0.992708874098054,0,0.0,False,False,True,False,False,False,True,False,False,False,False,False
89a8a07ab7bffff,Jardim de Alah,-22.982143509850573,-43.2131122670152,0,0.3009613096541625,3,fe_area_Jardim de Alah,0.2285,n_fat_total,0.1919,orcrim_Sem domínio,0.1262,0,0,0,1,1.0,0.0,1.0,1.0,1.0,2.0,0.0,0.0,4.0,9.0,5.0,16.0,0.12053668025532305,0.992708874098054,0,0.0,False,False,True,False,False,False,True,False,False,False,False,False
